Workbook

Sheet Instructions
B3: CESYS527: Identifying and Evaluating Risk
B4: Cornell University College of Engineering
B5: FMEA Template
B8: Instructions:
B9: In the next two tabs you can find a Failure Mode and Effects Analysis (FMEA) template and a completed FMEA. Follow the instructions laid out in the activities in the course to complete your own FMEA and assess the risk of failure of your system, as well as corrective actions to be taken. Use the Sample tab to help you through the process. The Rating Systems tab contains a rating system for likelihood and severity, as well as an RPN definition table. These ratings systems will need to be customized for your system.
B10: To submit this assignment, please refer to the instructions in the course.
B14: Copyright © 2018 eCornell. All rights reserved. All other copyrights, trademarks, trade names, and logos are the sole property of their respective owners.

Sheet Sample
A1: Failure Mode # | B1: Subsystem | C1: Failure Mode | D1: Failure Effects | E1: Possible Cause | F1: Failure Effects Severity | G1: Occurrence Likelihood | H1: Risk Priority Number (RPN) (=severity * occurrence) | I1: Risk Criticality (Corrective Action Priority) | K1: Corrective Action | L1: Failure Effects Severity | M1: Occurrence Likelihood | N1: Risk Priority Number (RPN) | O1: Criticality (Corrective Action Priority) | P1: Corrective Action Effort | R1: Corrective Action | S1: Failure Effects Severity | T1: Occurrence Likelihood | U1: Risk Priority Number (RPN) | V1: Criticality (Corrective Action Priority) | W1: Corrective Action Effort | Y1: Troubleshooting (optional)
A2: F.1 | B2: IR Sensor Encoder | C2: Reported number of rotations from the IR sensor is too few | D2: Demand incorrectly larger than necessary, Energy usage is larger than necessary, Bicycle goes far faster than desired | E2: sensor detector or emitter is partially blocked or damaged, | F2: 4 | G2: 5 | H2: 20 | I2: HIGH | K2: Add a shielding cone to the detector. Add a sweep to the emitter just before it passes the detector to help clear off the emitter. Increase the intensity of the emitter. Research more robust parts. Put in a redundant encoder and adjust sensor filter system to account for this redundancy. Ensure manual override system is functioning properly. | L2: 4 | M2: 2 | N2: 8 | O2: MEDIUM | P2: 15 hrs. (See Timeline's IR Sensor Risk Plan B) | R2: Use COTS Encoder. Put in a redundant encoder and adjust sensor filter system to account for this redundancy. Ensure manual override system is functioning properly. | S2: 4 | T2: 1 | U2: 4 | V2: MEDIUM LOW | W2: 10 hrs. (See Timeline's IR Sensor Risk Plan E) | Y2: Check encoders to make sure they are securely fastened and properly aligned. Check encoders for debris and clean if need be. Check encoders to make sure they're still working. Replace encoders if need be.
E3: sensor detector or emitter is damaged | F3: 4 | G3: 2 | H3: 8 | I3: MEDIUM | K3: Research more robust parts. Put in a redundant encoder and adjust sensor filter system to account for this redundancy. Ensure manual override system is functioning properly. | L3: 4 | M3: 1 | N3: 4 | O3: MEDIUM LOW | P3: 12 hrs. (See Timeline's IR Sensor Risk Plan B)
E4: sensor detector or emitter has become loose or is no longer oriented properly | F4: 4 | G4: 4 | H4: 16 | I4: MEDIUM HIGH | K4: Increase the robustness of the mechanical housing. Include checking its secureness as part of the recommended start up safety check. Put in a redundant encoder and adjust sensor filter system to account for this redundancy | L4: 4 | M4: 1 | N4: 4 | O4: MEDIUM LOW | P4: 12 hrs. (See Timeline's IR Sensor Risk Plan B and Plan C)
A5: F.2 | C5: Reported number of rotations from the IR sensor is too many | D5: Demand incorrectly smaller than necessary, Energy storage is conserved or even increased more than it should be, Bicycle goes far slower than desired | E5: sensor detector or emitter is partially damaged | F5: 2 | G5: 1 | H5: 2 | I5: LOW | Y5: Check encoders to make sure they are securely fastened and properly aligned. Check encoders for debris and clean if need be. Check encoders to make sure they're still working. Replace encoders if need be.
A6: F.3 | C6: No signal provided | D6: Sensor Filter System reports error. Demand Algorithm reports error. Controller switches to energy storage only, no usage. GUI reports error. Bicycle functions inefficiently until user disengages PMB engine | E6: broken detector or emitter | F6: 2 | G6: 2 | H6: 4 | I6: MEDIUM LOW | K6: Research more robust parts. Put in a redundant encoder and adjust sensor filter system to account for this redundancy. | L6: 2 | M6: 1 | N6: 2 | O6: LOW | P6: 12 hrs. (See Timeline's IR Sensor Risk Plan B) | Y6: Check encoders to make sure they are securely fastened and properly aligned. Check wiring for frays and proper connections. Replace encoders or connections if need be.
E7: power cables disconnected | F7: 2 | G7: 4 | H7: 8 | I7: MEDIUM | K7: Increase the robustness of the mechanical housing to take stress of cable connections | L7: 2 | M7: 1 | N7: 2 | O7: LOW | P7: 3 Hrs. (See Timeline's IR Sensor Risk Plan D)
E8: signal cables disconnected | F8: 2 | G8: 5 | H8: 10 | I8: MEDIUM | K8: Increase the robustness of the mechanical housing to take stress of cable connections | L8: 2 | M8: 1 | N8: 2 | O8: LOW | P8: 3 Hrs. (See Timeline's IR Sensor Risk Plan D)
E10: Likelihood | F10: Current # of Risks Shown Stoplight Graph | K10: Likelihood | L10: Current # of Risks Shown Stoplight Graph | R10: Likelihood | S10: Current # of Risks Shown Stoplight Graph
E11: 5 | F11: =$A11*F$23 -> 0 | G11: 1 | H11: =$A11*H$23 -> 0 | I11: 1 | K11: 5 | L11: =$A11*L$23 -> 0 | M11: 0 | N11: =$A11*N$23 -> 0 | O11: 0 | R11: 5 | S11: =$A11*S$23 -> 0 | T11: 0 | U11: =$A11*U$23 -> 0 | V11: 0
E12: 4 | F12: =$A12*F$23 -> 0 | G12: 1 | H12: =$A12*H$23 -> 0 | I12: 1 | K12: 4 | L12: =$A12*L$23 -> 0 | M12: 0 | N12: =$A12*N$23 -> 0 | O12: 0 | R12: 4 | S12: =$A12*S$23 -> 0 | T12: 0 | U12: =$A12*U$23 -> 0 | V12: 0
E13: 3 | F13: =$A13*F$23 -> 0 | G13: =$A13*G$23 -> 0 | H13: =$A13*H$23 -> 0 | I13: =$A13*I$23 -> 0 | K13: 3 | L13: =$A13*L$23 -> 0 | M13: =$A13*M$23 -> 0 | N13: =$A13*N$23 -> 0 | O13: =$A13*O$23 -> 0 | R13: 3 | S13: =$A13*S$23 -> 0 | T13: =$A13*T$23 -> 0 | U13: =$A13*U$23 -> 0 | V13: =$A13*V$23 -> 0
E14: 2 | F14: =$A14*F$23 -> 0 | G14: 1 | H14: =$A14*H$23 -> 0 | I14: 1 | K14: 2 | L14: =$A14*L$23 -> 0 | M14: 0 | N14: =$A14*N$23 -> 0 | O14: 1 | R14: 2 | S14: =$A14*S$23 -> 0 | T14: 0 | U14: =$A14*U$23 -> 0 | V14: 0
E15: 1 | F15: =$A15*F$23 -> 0 | G15: 1 | H15: =$A15*H$23 -> 0 | I15: =$A15*I$23 -> 0 | K15: 1 | L15: =$A15*L$23 -> 0 | M15: 4 | N15: =$A15*N$23 -> 0 | O15: 2 | R15: 1 | S15: =$A15*S$23 -> 0 | T15: 4 | U15: =$A15*U$23 -> 0 | V15: 3
F16: 1 | G16: 2 | H16: 3 | I16: 4 | J16: Severity | L16: 1 | M16: 2 | N16: 3 | O16: 4 | P16: Severity | S16: 1 | T16: 2 | U16: 3 | V16: 4 | W16: Severity

Sheet Template
A1: Failure Mode # | B1: Subsystem | C1: Failure Mode | D1: Failure Effects | E1: Possible Cause | F1: Failure Effects Severity | G1: Occurrence Likelihood | H1: Risk Priority Number (RPN) (=severity * occurrence) | I1: Risk Criticality (Corrective Action Priority) | K1: Corrective Action | L1: Failure Effects Severity | M1: Occurrence Likelihood | N1: Risk Priority Number (RPN) | O1: Criticality (Corrective Action Priority) | P1: Corrective Action Effort | R1: Corrective Action | S1: Failure Effects Severity | T1: Occurrence Likelihood | U1: Risk Priority Number (RPN) | V1: Criticality (Corrective Action Priority) | W1: Corrective Action Effort | Y1: Troubleshooting (optional)

Sheet Rating Systems
A1: Severity | H1: Severity
A2: 4 | B2: Cost is more than 20% of the total budget Requires more than 2 weeks to address Performance is adversely affected by greater than 20% Causes potential harm to a person | H2: 4 | I2: Cost is more than 20% of the total budget Requires more than 2 weeks to address Performance is adversely affected by greater than 20% Causes potential harm to a person
A3: 3 | B3: Cost is 10%-20% of the total budget Requires 1-2 weeks to address Performance is adversely affected by 10-20% No harm to a person | H3: 3 | I3: Cost is 10%-20% of the total budget Requires 1-2 weeks to address Performance is adversely affected by 10-20% No harm to a person
A4: 2 | B4: Cost is 5%-10% of the total budget Requires 1-6 days to address Performance is adversely affected by 5-10% No harm to a person | H4: 2 | I4: Cost is 5%-10% of the total budget Requires 1-6 days to address Performance is adversely affected by 5-10% No harm to a person
A5: 1 | B5: Cost is less than 5% of the total budget Requires less than 1 day to address Performance is adversely affected by less than 5% No harm to a person | H5: 1 | I5: Cost is less than 5% of the total budget Requires less than 1 day to address Performance is adversely affected by less than 5% No harm to a person
A8: Likelihood (in prototype development: all these levels would be too often for a final product) | H8: Likelihood (in prototype development: all these levels would be too often for a final product)
A9: 5 | B9: Occurs greater than once a week, Occurs in greater than 10% of the operations | H9: 5 | I9: Occurs greater than once a week, Occurs in greater than 10% of the operations
A10: 4 | B10: Occurs greater than once a week, Occurs in 5-10% of the operations | H10: 4 | I10: Occurs greater than once a week, Occurs in 5-10% of the operations
A11: 3 | B11: Occurs no more than once a week | H11: 3 | I11: Occurs no more than once a week
A12: 2 | B12: Occurs between once every 2 weeks to once every 3 months | H12: 2 | I12: Occurs between once every 2-3 weeks to once every 1 months
A13: 1 | B13: Occurs less than once every 3 months | H13: 1 | I13: Occurs less than once every 1 months
A16: Risk Priority Number (RPN) Definition Table | H16: Risk Criticality Ranges
A17: Likelihood
A18: 5 | B18: =$A18*B$23 -> 5 | C18: =$A18*C$23 -> 10 | D18: =$A18*D$23 -> 15 | E18: =$A18*E$23 -> 20 | H18: 15-20 | I18: High Risk
A19: 4 | B19: =$A19*B$23 -> 4 | C19: =$A19*C$23 -> 8 | D19: =$A19*D$23 -> 12 | E19: =$A19*E$23 -> 16 | H19: 9-14 | I19: Medium High Risk
A20: 3 | B20: =$A20*B$23 -> 3 | C20: =$A20*C$23 -> 6 | D20: =$A20*D$23 -> 9 | E20: =$A20*E$23 -> 12 | H20: 5-8 | I20: Medium Risk
A21: 2 | B21: =$A21*B$23 -> 2 | C21: =$A21*C$23 -> 4 | D21: =$A21*D$23 -> 6 | E21: =$A21*E$23 -> 8 | H21: 3-4 | I21: Medium Low Risk
A22: 1 | B22: =$A22*B$23 -> 1 | C22: =$A22*C$23 -> 2 | D22: =$A22*D$23 -> 3 | E22: =$A22*E$23 -> 4 | H22: 1-2 | I22: Low Risk
B23: 1 | C23: 2 | D23: 3 | E23: 4 | F23: Severity

Sheet Plant-n-Search
A1: Failure Mode # | B1: Subsystem | C1: Failure Mode | D1: Failure Effects | E1: Possible Cause | F1: Failure Effects Severity | G1: Occurrence Likelihood | H1: Risk Priority Number (RPN) (=severity * occurrence) | I1: Risk Criticality (Corrective Action Priority) | K1: Corrective Action | L1: Failure Effects Severity | M1: Occurrence Likelihood | N1: Risk Priority Number (RPN) | O1: Criticality (Corrective Action Priority) | P1: Corrective Action Effort | R1: Corrective Action | S1: Failure Effects Severity | T1: Occurrence Likelihood | U1: Risk Priority Number (RPN) | V1: Criticality (Corrective Action Priority) | W1: Corrective Action Effort | Y1: Troubleshooting (optional)
A2: F.1 | B2: Plants & Searching | C2: Unable to locate specific plant by name | D2: bad UX; unable to plan for planting; unable to save plant; unable to be suggested plant based on growing zone or native to local area | E2: Missing from database | F2: 1 | G2: 2 | H2: =IF(OR(F2="",G2=""),"",F2*G2) -> 2 | I2: {=IF(OR(F2="",G2=""),"",INDEX('Rating Systems'!$I$18:$I$22, MATCH(1, ('Plant-n-Search'!H2 >= VALUE(LEFT('Rating Systems'!$H$18:$H$22,FIND("-",'Rating Systems'!$H$18:$H$22)-1))) * ('Plant-n-Search'!H2 <= VALUE(MID('Rating Systems'!$H$18:$H$22,FIND("-",'Rating Systems'!$H$18:$H$22)+1,99))), 0)))} -> Low Risk | K2: Ensure common plants are listed. Add popular native plants from my area. Include all plants I intend to grow. | L2: 1 | M2: 1 | N2: =IF(OR(L2="",M2=""),"",L2*M2) -> 1 | O2: {=IF(OR(L2="",M2=""),"",INDEX('Rating Systems'!$I$18:$I$22, MATCH(1, ('Plant-n-Search'!N2 >= VALUE(LEFT('Rating Systems'!$H$18:$H$22,FIND("-",'Rating Systems'!$H$18:$H$22)-1))) * ('Plant-n-Search'!N2 <= VALUE(MID('Rating Systems'!$H$18:$H$22,FIND("-",'Rating Systems'!$H$18:$H$22)+1,99))), 0)))} -> Low Risk | R2: Create easy pipeline for others to be added by the user community. If realized, provide way for user to give feedback on what plant they want to see & which plants have been requested. | S2: 3 | T2: 1 | U2: =IF(OR(S2="",T2=""),"",S2*T2) -> 3 | V2: {=IF(OR(S2="",T2=""),"",INDEX('Rating Systems'!$I$18:$I$22, MATCH(1, ('Plant-n-Search'!U2 >= VALUE(LEFT('Rating Systems'!$H$18:$H$22,FIND("-",'Rating Systems'!$H$18:$H$22)-1))) * ('Plant-n-Search'!U2 <= VALUE(MID('Rating Systems'!$H$18:$H$22,FIND("-",'Rating Systems'!$H$18:$H$22)+1,99))), 0)))} -> Medium Low Risk
E3: Broken search capability | F3: 2 | G3: 1 | H3: =IF(OR(F3="",G3=""),"",F3*G3) -> 2 | I3: {=IF(OR(F3="",G3=""),"",INDEX('Rating Systems'!$I$18:$I$22, MATCH(1, ('Plant-n-Search'!H3 >= VALUE(LEFT('Rating Systems'!$H$18:$H$22,FIND("-",'Rating Systems'!$H$18:$H$22)-1))) * ('Plant-n-Search'!H3 <= VALUE(MID('Rating Systems'!$H$18:$H$22,FIND("-",'Rating Systems'!$H$18:$H$22)+1,99))), 0)))} -> Low Risk | K3: Write unit tests to confirm capability | L3: 1 | M3: 2 | N3: =IF(OR(L3="",M3=""),"",L3*M3) -> 2 | O3: {=IF(OR(L3="",M3=""),"",INDEX('Rating Systems'!$I$18:$I$22, MATCH(1, ('Plant-n-Search'!N3 >= VALUE(LEFT('Rating Systems'!$H$18:$H$22,FIND("-",'Rating Systems'!$H$18:$H$22)-1))) * ('Plant-n-Search'!N3 <= VALUE(MID('Rating Systems'!$H$18:$H$22,FIND("-",'Rating Systems'!$H$18:$H$22)+1,99))), 0)))} -> Low Risk | U3: =IF(OR(S3="",T3=""),"",S3*T3) | V3: {=IF(OR(S3="",T3=""),"",INDEX('Rating Systems'!$I$18:$I$22, MATCH(1, ('Plant-n-Search'!U3 >= VALUE(LEFT('Rating Systems'!$H$18:$H$22,FIND("-",'Rating Systems'!$H$18:$H$22)-1))) * ('Plant-n-Search'!U3 <= VALUE(MID('Rating Systems'!$H$18:$H$22,FIND("-",'Rating Systems'!$H$18:$H$22)+1,99))), 0)))}
E4: not a real plant | F4: 1 | G4: 1 | H4: =IF(OR(F4="",G4=""),"",F4*G4) -> 1 | I4: {=IF(OR(F4="",G4=""),"",INDEX('Rating Systems'!$I$18:$I$22, MATCH(1, ('Plant-n-Search'!H4 >= VALUE(LEFT('Rating Systems'!$H$18:$H$22,FIND("-",'Rating Systems'!$H$18:$H$22)-1))) * ('Plant-n-Search'!H4 <= VALUE(MID('Rating Systems'!$H$18:$H$22,FIND("-",'Rating Systems'!$H$18:$H$22)+1,99))), 0)))} -> Low Risk | K4: Similar to missing from database, except when a plant isn't found it will provide a LMGTFY link to what they searched for. | L4: 1 | M4: 1 | N4: =IF(OR(L4="",M4=""),"",L4*M4) -> 1 | O4: {=IF(OR(L4="",M4=""),"",INDEX('Rating Systems'!$I$18:$I$22, MATCH(1, ('Plant-n-Search'!N4 >= VALUE(LEFT('Rating Systems'!$H$18:$H$22,FIND("-",'Rating Systems'!$H$18:$H$22)-1))) * ('Plant-n-Search'!N4 <= VALUE(MID('Rating Systems'!$H$18:$H$22,FIND("-",'Rating Systems'!$H$18:$H$22)+1,99))), 0)))} -> Low Risk | U4: =IF(OR(S4="",T4=""),"",S4*T4) | V4: {=IF(OR(S4="",T4=""),"",INDEX('Rating Systems'!$I$18:$I$22, MATCH(1, ('Plant-n-Search'!U4 >= VALUE(LEFT('Rating Systems'!$H$18:$H$22,FIND("-",'Rating Systems'!$H$18:$H$22)-1))) * ('Plant-n-Search'!U4 <= VALUE(MID('Rating Systems'!$H$18:$H$22,FIND("-",'Rating Systems'!$H$18:$H$22)+1,99))), 0)))}
A5: F.2 | C5: Unable to display all available plants that match requested criteria | D5: bad UX; unable to plan for planting; unable to have accurate range of choices for plant care local to growign zone or area | E5: broken filter capability | F5: 2 | G5: 1 | H5: =IF(OR(F5="",G5=""),"",F5*G5) -> 2 | I5: {=IF(OR(F5="",G5=""),"",INDEX('Rating Systems'!$I$18:$I$22, MATCH(1, ('Plant-n-Search'!H5 >= VALUE(LEFT('Rating Systems'!$H$18:$H$22,FIND("-",'Rating Systems'!$H$18:$H$22)-1))) * ('Plant-n-Search'!H5 <= VALUE(MID('Rating Systems'!$H$18:$H$22,FIND("-",'Rating Systems'!$H$18:$H$22)+1,99))), 0)))} -> Low Risk | K5: Write unit tests to confirm capability | L5: 1 | M5: 1 | N5: 2 | O5: Low Risk | U5: =IF(OR(S5="",T5=""),"",S5*T5) | V5: {=IF(OR(S5="",T5=""),"",INDEX('Rating Systems'!$I$18:$I$22, MATCH(1, ('Plant-n-Search'!U5 >= VALUE(LEFT('Rating Systems'!$H$18:$H$22,FIND("-",'Rating Systems'!$H$18:$H$22)-1))) * ('Plant-n-Search'!U5 <= VALUE(MID('Rating Systems'!$H$18:$H$22,FIND("-",'Rating Systems'!$H$18:$H$22)+1,99))), 0)))}
E6: too specific - no matches for everything | F6: 1 | G6: 1 | H6: =IF(OR(F6="",G6=""),"",F6*G6) -> 1 | I6: {=IF(OR(F6="",G6=""),"",INDEX('Rating Systems'!$I$18:$I$22, MATCH(1, ('Plant-n-Search'!H6 >= VALUE(LEFT('Rating Systems'!$H$18:$H$22,FIND("-",'Rating Systems'!$H$18:$H$22)-1))) * ('Plant-n-Search'!H6 <= VALUE(MID('Rating Systems'!$H$18:$H$22,FIND("-",'Rating Systems'!$H$18:$H$22)+1,99))), 0)))} -> Low Risk | N6: =IF(OR(L6="",M6=""),"",L6*M6) | O6: {=IF(OR(L6="",M6=""),"",INDEX('Rating Systems'!$I$18:$I$22, MATCH(1, ('Plant-n-Search'!N6 >= VALUE(LEFT('Rating Systems'!$H$18:$H$22,FIND("-",'Rating Systems'!$H$18:$H$22)-1))) * ('Plant-n-Search'!N6 <= VALUE(MID('Rating Systems'!$H$18:$H$22,FIND("-",'Rating Systems'!$H$18:$H$22)+1,99))), 0)))} | P6: N/A - either they mistyped or it's missing from database | U6: =IF(OR(S6="",T6=""),"",S6*T6) | V6: {=IF(OR(S6="",T6=""),"",INDEX('Rating Systems'!$I$18:$I$22, MATCH(1, ('Plant-n-Search'!U6 >= VALUE(LEFT('Rating Systems'!$H$18:$H$22,FIND("-",'Rating Systems'!$H$18:$H$22)-1))) * ('Plant-n-Search'!U6 <= VALUE(MID('Rating Systems'!$H$18:$H$22,FIND("-",'Rating Systems'!$H$18:$H$22)+1,99))), 0)))}
E7: inaccurate regex | F7: 2 | G7: 1 | H7: =IF(OR(F7="",G7=""),"",F7*G7) -> 2 | I7: {=IF(OR(F7="",G7=""),"",INDEX('Rating Systems'!$I$18:$I$22, MATCH(1, ('Plant-n-Search'!H7 >= VALUE(LEFT('Rating Systems'!$H$18:$H$22,FIND("-",'Rating Systems'!$H$18:$H$22)-1))) * ('Plant-n-Search'!H7 <= VALUE(MID('Rating Systems'!$H$18:$H$22,FIND("-",'Rating Systems'!$H$18:$H$22)+1,99))), 0)))} -> Low Risk | N7: =IF(OR(L7="",M7=""),"",L7*M7) | O7: {=IF(OR(L7="",M7=""),"",INDEX('Rating Systems'!$I$18:$I$22, MATCH(1, ('Plant-n-Search'!N7 >= VALUE(LEFT('Rating Systems'!$H$18:$H$22,FIND("-",'Rating Systems'!$H$18:$H$22)-1))) * ('Plant-n-Search'!N7 <= VALUE(MID('Rating Systems'!$H$18:$H$22,FIND("-",'Rating Systems'!$H$18:$H$22)+1,99))), 0)))} | U7: =IF(OR(S7="",T7=""),"",S7*T7) | V7: {=IF(OR(S7="",T7=""),"",INDEX('Rating Systems'!$I$18:$I$22, MATCH(1, ('Plant-n-Search'!U7 >= VALUE(LEFT('Rating Systems'!$H$18:$H$22,FIND("-",'Rating Systems'!$H$18:$H$22)-1))) * ('Plant-n-Search'!U7 <= VALUE(MID('Rating Systems'!$H$18:$H$22,FIND("-",'Rating Systems'!$H$18:$H$22)+1,99))), 0)))}
E8: location or growing zone data not provided to provide suggestions | F8: 1 | G8: 1 | H8: =IF(OR(F8="",G8=""),"",F8*G8) -> 1 | I8: {=IF(OR(F8="",G8=""),"",INDEX('Rating Systems'!$I$18:$I$22, MATCH(1, ('Plant-n-Search'!H8 >= VALUE(LEFT('Rating Systems'!$H$18:$H$22,FIND("-",'Rating Systems'!$H$18:$H$22)-1))) * ('Plant-n-Search'!H8 <= VALUE(MID('Rating Systems'!$H$18:$H$22,FIND("-",'Rating Systems'!$H$18:$H$22)+1,99))), 0)))} -> Low Risk | K8: Disable suggestions until one or the other is provided | L8: 1 | M8: 1 | N8: =IF(OR(L8="",M8=""),"",L8*M8) -> 1 | O8: {=IF(OR(L8="",M8=""),"",INDEX('Rating Systems'!$I$18:$I$22, MATCH(1, ('Plant-n-Search'!N8 >= VALUE(LEFT('Rating Systems'!$H$18:$H$22,FIND("-",'Rating Systems'!$H$18:$H$22)-1))) * ('Plant-n-Search'!N8 <= VALUE(MID('Rating Systems'!$H$18:$H$22,FIND("-",'Rating Systems'!$H$18:$H$22)+1,99))), 0)))} -> Low Risk | U8: =IF(OR(S8="",T8=""),"",S8*T8) | V8: {=IF(OR(S8="",T8=""),"",INDEX('Rating Systems'!$I$18:$I$22, MATCH(1, ('Plant-n-Search'!U8 >= VALUE(LEFT('Rating Systems'!$H$18:$H$22,FIND("-",'Rating Systems'!$H$18:$H$22)-1))) * ('Plant-n-Search'!U8 <= VALUE(MID('Rating Systems'!$H$18:$H$22,FIND("-",'Rating Systems'!$H$18:$H$22)+1,99))), 0)))}
A9: F.3 | C9: Missing data for plant care | D9: bad UX; unable to plan for planting; unable to complete requirements for rest of care; unable to send/receive notification for planting needs | E9: Missing from database | F9: 1 | G9: 2 | H9: =IF(OR(F9="",G9=""),"",F9*G9) -> 2 | I9: {=IF(OR(F9="",G9=""),"",INDEX('Rating Systems'!$I$18:$I$22, MATCH(1, ('Plant-n-Search'!H9 >= VALUE(LEFT('Rating Systems'!$H$18:$H$22,FIND("-",'Rating Systems'!$H$18:$H$22)-1))) * ('Plant-n-Search'!H9 <= VALUE(MID('Rating Systems'!$H$18:$H$22,FIND("-",'Rating Systems'!$H$18:$H$22)+1,99))), 0)))} -> Low Risk | K9: Ensure common plants are listed. Add popular native plants from my area. Include all plants I intend to grow. | L9: 1 | M9: 1 | N9: =IF(OR(L9="",M9=""),"",L9*M9) -> 1 | O9: {=IF(OR(L9="",M9=""),"",INDEX('Rating Systems'!$I$18:$I$22, MATCH(1, ('Plant-n-Search'!N9 >= VALUE(LEFT('Rating Systems'!$H$18:$H$22,FIND("-",'Rating Systems'!$H$18:$H$22)-1))) * ('Plant-n-Search'!N9 <= VALUE(MID('Rating Systems'!$H$18:$H$22,FIND("-",'Rating Systems'!$H$18:$H$22)+1,99))), 0)))} -> Low Risk | R9: Create easy pipeline for others to be added by the user community. If realized, provide way for user to give feedback on what plant they want to see & which plants have been requested. | S9: 3 | T9: 1 | U9: =IF(OR(S9="",T9=""),"",S9*T9) -> 3 | V9: {=IF(OR(S9="",T9=""),"",INDEX('Rating Systems'!$I$18:$I$22, MATCH(1, ('Plant-n-Search'!U9 >= VALUE(LEFT('Rating Systems'!$H$18:$H$22,FIND("-",'Rating Systems'!$H$18:$H$22)-1))) * ('Plant-n-Search'!U9 <= VALUE(MID('Rating Systems'!$H$18:$H$22,FIND("-",'Rating Systems'!$H$18:$H$22)+1,99))), 0)))} -> Medium Low Risk
E10: unable to locate information to add to database | F10: 2 | G10: 2 | H10: =IF(OR(F10="",G10=""),"",F10*G10) -> 4 | I10: {=IF(OR(F10="",G10=""),"",INDEX('Rating Systems'!$I$18:$I$22, MATCH(1, ('Plant-n-Search'!H10 >= VALUE(LEFT('Rating Systems'!$H$18:$H$22,FIND("-",'Rating Systems'!$H$18:$H$22)-1))) * ('Plant-n-Search'!H10 <= VALUE(MID('Rating Systems'!$H$18:$H$22,FIND("-",'Rating Systems'!$H$18:$H$22)+1,99))), 0)))} -> Medium Low Risk | K10: Similar to missing from database, except when a plant isn't found it will provide a LMGTFY link to what they searched for. | L10: 1 | M10: 1 | N10: =IF(OR(L10="",M10=""),"",L10*M10) -> 1 | O10: {=IF(OR(L10="",M10=""),"",INDEX('Rating Systems'!$I$18:$I$22, MATCH(1, ('Plant-n-Search'!N10 >= VALUE(LEFT('Rating Systems'!$H$18:$H$22,FIND("-",'Rating Systems'!$H$18:$H$22)-1))) * ('Plant-n-Search'!N10 <= VALUE(MID('Rating Systems'!$H$18:$H$22,FIND("-",'Rating Systems'!$H$18:$H$22)+1,99))), 0)))} -> Low Risk | P10: less than 1 week | U10: =IF(OR(S10="",T10=""),"",S10*T10) | V10: {=IF(OR(S10="",T10=""),"",INDEX('Rating Systems'!$I$18:$I$22, MATCH(1, ('Plant-n-Search'!U10 >= VALUE(LEFT('Rating Systems'!$H$18:$H$22,FIND("-",'Rating Systems'!$H$18:$H$22)-1))) * ('Plant-n-Search'!U10 <= VALUE(MID('Rating Systems'!$H$18:$H$22,FIND("-",'Rating Systems'!$H$18:$H$22)+1,99))), 0)))}
A11: F.4 | C11: Plants missing growing zone data | D11: bad UX; unable to plan for planting; unable to send/receive notification for planting needs; unable to suggest plants good for local growing zone or native to area | E11: Missing from database | F11: 1 | G11: 2 | H11: =IF(OR(F11="",G11=""),"",F11*G11) -> 2 | I11: {=IF(OR(F11="",G11=""),"",INDEX('Rating Systems'!$I$18:$I$22, MATCH(1, ('Plant-n-Search'!H11 >= VALUE(LEFT('Rating Systems'!$H$18:$H$22,FIND("-",'Rating Systems'!$H$18:$H$22)-1))) * ('Plant-n-Search'!H11 <= VALUE(MID('Rating Systems'!$H$18:$H$22,FIND("-",'Rating Systems'!$H$18:$H$22)+1,99))), 0)))} -> Low Risk | K11: Ensure common plants are listed. Add popular native plants from my area. Include all plants I intend to grow. | L11: 1 | M11: 2 | N11: =IF(OR(L11="",M11=""),"",L11*M11) -> 2 | O11: {=IF(OR(L11="",M11=""),"",INDEX('Rating Systems'!$I$18:$I$22, MATCH(1, ('Plant-n-Search'!N11 >= VALUE(LEFT('Rating Systems'!$H$18:$H$22,FIND("-",'Rating Systems'!$H$18:$H$22)-1))) * ('Plant-n-Search'!N11 <= VALUE(MID('Rating Systems'!$H$18:$H$22,FIND("-",'Rating Systems'!$H$18:$H$22)+1,99))), 0)))} -> Low Risk | R11: Create easy pipeline for others to be added by the user community. If realized, provide way for user to give feedback on what plant they want to see & which plants have been requested. | S11: 3 | T11: 1 | U11: =IF(OR(S11="",T11=""),"",S11*T11) -> 3 | V11: {=IF(OR(S11="",T11=""),"",INDEX('Rating Systems'!$I$18:$I$22, MATCH(1, ('Plant-n-Search'!U11 >= VALUE(LEFT('Rating Systems'!$H$18:$H$22,FIND("-",'Rating Systems'!$H$18:$H$22)-1))) * ('Plant-n-Search'!U11 <= VALUE(MID('Rating Systems'!$H$18:$H$22,FIND("-",'Rating Systems'!$H$18:$H$22)+1,99))), 0)))} -> Medium Low Risk
E12: unable to locate information to add to database | F12: 2 | G12: 2 | H12: =IF(OR(F12="",G12=""),"",F12*G12) -> 4 | I12: {=IF(OR(F12="",G12=""),"",INDEX('Rating Systems'!$I$18:$I$22, MATCH(1, ('Plant-n-Search'!H12 >= VALUE(LEFT('Rating Systems'!$H$18:$H$22,FIND("-",'Rating Systems'!$H$18:$H$22)-1))) * ('Plant-n-Search'!H12 <= VALUE(MID('Rating Systems'!$H$18:$H$22,FIND("-",'Rating Systems'!$H$18:$H$22)+1,99))), 0)))} -> Medium Low Risk | K12: Similar to missing from database, except when a plant isn't found it will provide a LMGTFY link to what they searched for. | L12: 1 | M12: 2 | N12: =IF(OR(L12="",M12=""),"",L12*M12) -> 2 | O12: {=IF(OR(L12="",M12=""),"",INDEX('Rating Systems'!$I$18:$I$22, MATCH(1, ('Plant-n-Search'!N12 >= VALUE(LEFT('Rating Systems'!$H$18:$H$22,FIND("-",'Rating Systems'!$H$18:$H$22)-1))) * ('Plant-n-Search'!N12 <= VALUE(MID('Rating Systems'!$H$18:$H$22,FIND("-",'Rating Systems'!$H$18:$H$22)+1,99))), 0)))} -> Low Risk | P12: less than 1 week | U12: =IF(OR(S12="",T12=""),"",S12*T12) | V12: {=IF(OR(S12="",T12=""),"",INDEX('Rating Systems'!$I$18:$I$22, MATCH(1, ('Plant-n-Search'!U12 >= VALUE(LEFT('Rating Systems'!$H$18:$H$22,FIND("-",'Rating Systems'!$H$18:$H$22)-1))) * ('Plant-n-Search'!U12 <= VALUE(MID('Rating Systems'!$H$18:$H$22,FIND("-",'Rating Systems'!$H$18:$H$22)+1,99))), 0)))}
A13: F.5 | C13: Unable to favorite plants | D13: bad UX; harder for user to retrieve data from preferred plants or current gardening needs | E13: no user account option available & no local saving ability | F13: 3 | G13: 3 | H13: =IF(OR(F13="",G13=""),"",F13*G13) -> 9 | I13: {=IF(OR(F13="",G13=""),"",INDEX('Rating Systems'!$I$18:$I$22, MATCH(1, ('Plant-n-Search'!H13 >= VALUE(LEFT('Rating Systems'!$H$18:$H$22,FIND("-",'Rating Systems'!$H$18:$H$22)-1))) * ('Plant-n-Search'!H13 <= VALUE(MID('Rating Systems'!$H$18:$H$22,FIND("-",'Rating Systems'!$H$18:$H$22)+1,99))), 0)))} -> Medium High Risk | K13: Ensure backup and data import are available and working. | L13: 2 | M13: 4 | N13: =IF(OR(L13="",M13=""),"",L13*M13) -> 8 | O13: {=IF(OR(L13="",M13=""),"",INDEX('Rating Systems'!$I$18:$I$22, MATCH(1, ('Plant-n-Search'!N13 >= VALUE(LEFT('Rating Systems'!$H$18:$H$22,FIND("-",'Rating Systems'!$H$18:$H$22)-1))) * ('Plant-n-Search'!N13 <= VALUE(MID('Rating Systems'!$H$18:$H$22,FIND("-",'Rating Systems'!$H$18:$H$22)+1,99))), 0)))} -> Medium Risk | P13: less than 1 week | R13: Create feature so people can have a user account to log in to. | S13: 3 | T13: 2 | U13: =IF(OR(S13="",T13=""),"",S13*T13) -> 6 | V13: {=IF(OR(S13="",T13=""),"",INDEX('Rating Systems'!$I$18:$I$22, MATCH(1, ('Plant-n-Search'!U13 >= VALUE(LEFT('Rating Systems'!$H$18:$H$22,FIND("-",'Rating Systems'!$H$18:$H$22)-1))) * ('Plant-n-Search'!U13 <= VALUE(MID('Rating Systems'!$H$18:$H$22,FIND("-",'Rating Systems'!$H$18:$H$22)+1,99))), 0)))} -> Medium Risk
E14: user not logged in | F14: 1 | G14: 2 | H14: =IF(OR(F14="",G14=""),"",F14*G14) -> 2 | I14: {=IF(OR(F14="",G14=""),"",INDEX('Rating Systems'!$I$18:$I$22, MATCH(1, ('Plant-n-Search'!H14 >= VALUE(LEFT('Rating Systems'!$H$18:$H$22,FIND("-",'Rating Systems'!$H$18:$H$22)-1))) * ('Plant-n-Search'!H14 <= VALUE(MID('Rating Systems'!$H$18:$H$22,FIND("-",'Rating Systems'!$H$18:$H$22)+1,99))), 0)))} -> Low Risk | N14: =IF(OR(L14="",M14=""),"",L14*M14) | O14: {=IF(OR(L14="",M14=""),"",INDEX('Rating Systems'!$I$18:$I$22, MATCH(1, ('Plant-n-Search'!N14 >= VALUE(LEFT('Rating Systems'!$H$18:$H$22,FIND("-",'Rating Systems'!$H$18:$H$22)-1))) * ('Plant-n-Search'!N14 <= VALUE(MID('Rating Systems'!$H$18:$H$22,FIND("-",'Rating Systems'!$H$18:$H$22)+1,99))), 0)))} | P14: N/A - should not be an issue since the backup and restore from file should be an option | U14: =IF(OR(S14="",T14=""),"",S14*T14) | V14: {=IF(OR(S14="",T14=""),"",INDEX('Rating Systems'!$I$18:$I$22, MATCH(1, ('Plant-n-Search'!U14 >= VALUE(LEFT('Rating Systems'!$H$18:$H$22,FIND("-",'Rating Systems'!$H$18:$H$22)-1))) * ('Plant-n-Search'!U14 <= VALUE(MID('Rating Systems'!$H$18:$H$22,FIND("-",'Rating Systems'!$H$18:$H$22)+1,99))), 0)))}
A15: F.6 | C15: Unable to send notifications / reminders about plant needs | D15: unable to alert user to plan for needs of the plant based on growing zone or local area | E15: reminders not turned on | F15: 1 | G15: 2 | H15: =IF(OR(F15="",G15=""),"",F15*G15) -> 2 | I15: {=IF(OR(F15="",G15=""),"",INDEX('Rating Systems'!$I$18:$I$22, MATCH(1, ('Plant-n-Search'!H15 >= VALUE(LEFT('Rating Systems'!$H$18:$H$22,FIND("-",'Rating Systems'!$H$18:$H$22)-1))) * ('Plant-n-Search'!H15 <= VALUE(MID('Rating Systems'!$H$18:$H$22,FIND("-",'Rating Systems'!$H$18:$H$22)+1,99))), 0)))} -> Low Risk | N15: =IF(OR(L15="",M15=""),"",L15*M15) | O15: {=IF(OR(L15="",M15=""),"",INDEX('Rating Systems'!$I$18:$I$22, MATCH(1, ('Plant-n-Search'!N15 >= VALUE(LEFT('Rating Systems'!$H$18:$H$22,FIND("-",'Rating Systems'!$H$18:$H$22)-1))) * ('Plant-n-Search'!N15 <= VALUE(MID('Rating Systems'!$H$18:$H$22,FIND("-",'Rating Systems'!$H$18:$H$22)+1,99))), 0)))} | U15: =IF(OR(S15="",T15=""),"",S15*T15) | V15: {=IF(OR(S15="",T15=""),"",INDEX('Rating Systems'!$I$18:$I$22, MATCH(1, ('Plant-n-Search'!U15 >= VALUE(LEFT('Rating Systems'!$H$18:$H$22,FIND("-",'Rating Systems'!$H$18:$H$22)-1))) * ('Plant-n-Search'!U15 <= VALUE(MID('Rating Systems'!$H$18:$H$22,FIND("-",'Rating Systems'!$H$18:$H$22)+1,99))), 0)))}
E16: no permissions | F16: 1 | G16: 2 | H16: =IF(OR(F16="",G16=""),"",F16*G16) -> 2 | I16: {=IF(OR(F16="",G16=""),"",INDEX('Rating Systems'!$I$18:$I$22, MATCH(1, ('Plant-n-Search'!H16 >= VALUE(LEFT('Rating Systems'!$H$18:$H$22,FIND("-",'Rating Systems'!$H$18:$H$22)-1))) * ('Plant-n-Search'!H16 <= VALUE(MID('Rating Systems'!$H$18:$H$22,FIND("-",'Rating Systems'!$H$18:$H$22)+1,99))), 0)))} -> Low Risk | N16: =IF(OR(L16="",M16=""),"",L16*M16) | O16: {=IF(OR(L16="",M16=""),"",INDEX('Rating Systems'!$I$18:$I$22, MATCH(1, ('Plant-n-Search'!N16 >= VALUE(LEFT('Rating Systems'!$H$18:$H$22,FIND("-",'Rating Systems'!$H$18:$H$22)-1))) * ('Plant-n-Search'!N16 <= VALUE(MID('Rating Systems'!$H$18:$H$22,FIND("-",'Rating Systems'!$H$18:$H$22)+1,99))), 0)))} | U16: =IF(OR(S16="",T16=""),"",S16*T16)
E17: plants not favorited | F17: 1 | G17: 1 | H17: =IF(OR(F17="",G17=""),"",F17*G17) -> 1 | I17: {=IF(OR(F17="",G17=""),"",INDEX('Rating Systems'!$I$18:$I$22, MATCH(1, ('Plant-n-Search'!H17 >= VALUE(LEFT('Rating Systems'!$H$18:$H$22,FIND("-",'Rating Systems'!$H$18:$H$22)-1))) * ('Plant-n-Search'!H17 <= VALUE(MID('Rating Systems'!$H$18:$H$22,FIND("-",'Rating Systems'!$H$18:$H$22)+1,99))), 0)))} -> Low Risk | N17: =IF(OR(L17="",M17=""),"",L17*M17) | O17: {=IF(OR(L17="",M17=""),"",INDEX('Rating Systems'!$I$18:$I$22, MATCH(1, ('Plant-n-Search'!N17 >= VALUE(LEFT('Rating Systems'!$H$18:$H$22,FIND("-",'Rating Systems'!$H$18:$H$22)-1))) * ('Plant-n-Search'!N17 <= VALUE(MID('Rating Systems'!$H$18:$H$22,FIND("-",'Rating Systems'!$H$18:$H$22)+1,99))), 0)))} | U17: =IF(OR(S17="",T17=""),"",S17*T17)
E18: system has notifications on silent or DND | F18: 1 | G18: 3 | H18: =IF(OR(F18="",G18=""),"",F18*G18) -> 3 | I18: {=IF(OR(F18="",G18=""),"",INDEX('Rating Systems'!$I$18:$I$22, MATCH(1, ('Plant-n-Search'!H18 >= VALUE(LEFT('Rating Systems'!$H$18:$H$22,FIND("-",'Rating Systems'!$H$18:$H$22)-1))) * ('Plant-n-Search'!H18 <= VALUE(MID('Rating Systems'!$H$18:$H$22,FIND("-",'Rating Systems'!$H$18:$H$22)+1,99))), 0)))} -> Medium Low Risk | K18: Create a way for the sound to always play - OR some way for the notification to reappear / get user attention. | L18: 2 | M18: 3 | N18: =IF(OR(L18="",M18=""),"",L18*M18) -> 6 | O18: {=IF(OR(L18="",M18=""),"",INDEX('Rating Systems'!$I$18:$I$22, MATCH(1, ('Plant-n-Search'!N18 >= VALUE(LEFT('Rating Systems'!$H$18:$H$22,FIND("-",'Rating Systems'!$H$18:$H$22)-1))) * ('Plant-n-Search'!N18 <= VALUE(MID('Rating Systems'!$H$18:$H$22,FIND("-",'Rating Systems'!$H$18:$H$22)+1,99))), 0)))} -> Medium Risk | P18: unknown - need to research | U18: =IF(OR(S18="",T18=""),"",S18*T18)
E19: location data not provided for local weather alerts | F19: 1 | G19: 2 | H19: =IF(OR(F19="",G19=""),"",F19*G19) -> 2 | I19: {=IF(OR(F19="",G19=""),"",INDEX('Rating Systems'!$I$18:$I$22, MATCH(1, ('Plant-n-Search'!H19 >= VALUE(LEFT('Rating Systems'!$H$18:$H$22,FIND("-",'Rating Systems'!$H$18:$H$22)-1))) * ('Plant-n-Search'!H19 <= VALUE(MID('Rating Systems'!$H$18:$H$22,FIND("-",'Rating Systems'!$H$18:$H$22)+1,99))), 0)))} -> Low Risk | N19: =IF(OR(L19="",M19=""),"",L19*M19) | O19: {=IF(OR(L19="",M19=""),"",INDEX('Rating Systems'!$I$18:$I$22, MATCH(1, ('Plant-n-Search'!N19 >= VALUE(LEFT('Rating Systems'!$H$18:$H$22,FIND("-",'Rating Systems'!$H$18:$H$22)-1))) * ('Plant-n-Search'!N19 <= VALUE(MID('Rating Systems'!$H$18:$H$22,FIND("-",'Rating Systems'!$H$18:$H$22)+1,99))), 0)))} | U19: =IF(OR(S19="",T19=""),"",S19*T19)
A20: F.7 | C20: Slow to locate data (takes more than 2 seconds to find plants) | D20: bad UX; users may think it's broken if it's too long | E20: for weather - bad signal | F20: 1 | G20: 2 | H20: =IF(OR(F20="",G20=""),"",F20*G20) -> 2 | I20: {=IF(OR(F20="",G20=""),"",INDEX('Rating Systems'!$I$18:$I$22, MATCH(1, ('Plant-n-Search'!H20 >= VALUE(LEFT('Rating Systems'!$H$18:$H$22,FIND("-",'Rating Systems'!$H$18:$H$22)-1))) * ('Plant-n-Search'!H20 <= VALUE(MID('Rating Systems'!$H$18:$H$22,FIND("-",'Rating Systems'!$H$18:$H$22)+1,99))), 0)))} -> Low Risk | N20: =IF(OR(L20="",M20=""),"",L20*M20) | O20: {=IF(OR(L20="",M20=""),"",INDEX('Rating Systems'!$I$18:$I$22, MATCH(1, ('Plant-n-Search'!N20 >= VALUE(LEFT('Rating Systems'!$H$18:$H$22,FIND("-",'Rating Systems'!$H$18:$H$22)-1))) * ('Plant-n-Search'!N20 <= VALUE(MID('Rating Systems'!$H$18:$H$22,FIND("-",'Rating Systems'!$H$18:$H$22)+1,99))), 0)))} | U20: =IF(OR(S20="",T20=""),"",S20*T20)
E21: for local DB - not optimized search | F21: 2 | G21: 1 | H21: =IF(OR(F21="",G21=""),"",F21*G21) -> 2 | I21: {=IF(OR(F21="",G21=""),"",INDEX('Rating Systems'!$I$18:$I$22, MATCH(1, ('Plant-n-Search'!H21 >= VALUE(LEFT('Rating Systems'!$H$18:$H$22,FIND("-",'Rating Systems'!$H$18:$H$22)-1))) * ('Plant-n-Search'!H21 <= VALUE(MID('Rating Systems'!$H$18:$H$22,FIND("-",'Rating Systems'!$H$18:$H$22)+1,99))), 0)))} -> Low Risk | N21: =IF(OR(L21="",M21=""),"",L21*M21) | O21: {=IF(OR(L21="",M21=""),"",INDEX('Rating Systems'!$I$18:$I$22, MATCH(1, ('Plant-n-Search'!N21 >= VALUE(LEFT('Rating Systems'!$H$18:$H$22,FIND("-",'Rating Systems'!$H$18:$H$22)-1))) * ('Plant-n-Search'!N21 <= VALUE(MID('Rating Systems'!$H$18:$H$22,FIND("-",'Rating Systems'!$H$18:$H$22)+1,99))), 0)))} | U21: =IF(OR(S21="",T21=""),"",S21*T21)
A22: F.8 | C22: Unable to view a specific plant's data | D22: bad UX; unable to save plant; unable to plan for plant needs; unable to know if plant is what is needed for user | E22: not in DB | F22: 1 | G22: 2 | H22: =IF(OR(F22="",G22=""),"",F22*G22) -> 2 | I22: {=IF(OR(F22="",G22=""),"",INDEX('Rating Systems'!$I$18:$I$22, MATCH(1, ('Plant-n-Search'!H22 >= VALUE(LEFT('Rating Systems'!$H$18:$H$22,FIND("-",'Rating Systems'!$H$18:$H$22)-1))) * ('Plant-n-Search'!H22 <= VALUE(MID('Rating Systems'!$H$18:$H$22,FIND("-",'Rating Systems'!$H$18:$H$22)+1,99))), 0)))} -> Low Risk | N22: =IF(OR(L22="",M22=""),"",L22*M22) | O22: {=IF(OR(L22="",M22=""),"",INDEX('Rating Systems'!$I$18:$I$22, MATCH(1, ('Plant-n-Search'!N22 >= VALUE(LEFT('Rating Systems'!$H$18:$H$22,FIND("-",'Rating Systems'!$H$18:$H$22)-1))) * ('Plant-n-Search'!N22 <= VALUE(MID('Rating Systems'!$H$18:$H$22,FIND("-",'Rating Systems'!$H$18:$H$22)+1,99))), 0)))} | U22: =IF(OR(S22="",T22=""),"",S22*T22)
E23: broken view | F23: 2 | G23: 1 | H23: =IF(OR(F23="",G23=""),"",F23*G23) -> 2 | I23: {=IF(OR(F23="",G23=""),"",INDEX('Rating Systems'!$I$18:$I$22, MATCH(1, ('Plant-n-Search'!H23 >= VALUE(LEFT('Rating Systems'!$H$18:$H$22,FIND("-",'Rating Systems'!$H$18:$H$22)-1))) * ('Plant-n-Search'!H23 <= VALUE(MID('Rating Systems'!$H$18:$H$22,FIND("-",'Rating Systems'!$H$18:$H$22)+1,99))), 0)))} -> Low Risk | N23: =IF(OR(L23="",M23=""),"",L23*M23) | O23: {=IF(OR(L23="",M23=""),"",INDEX('Rating Systems'!$I$18:$I$22, MATCH(1, ('Plant-n-Search'!N23 >= VALUE(LEFT('Rating Systems'!$H$18:$H$22,FIND("-",'Rating Systems'!$H$18:$H$22)-1))) * ('Plant-n-Search'!N23 <= VALUE(MID('Rating Systems'!$H$18:$H$22,FIND("-",'Rating Systems'!$H$18:$H$22)+1,99))), 0)))} | U23: =IF(OR(S23="",T23=""),"",S23*T23)
A24: F.9 | C24: unable to suggest plants that would fit user's growing zone | D24: bad UX; unable to plan for planting; unable to have accurate range of choices for plant care local to growing zone or area | E24: user has not provided location, GPS permission, nor grow zone | F24: 1 | G24: 2 | H24: =IF(OR(F24="",G24=""),"",F24*G24) -> 2 | I24: {=IF(OR(F24="",G24=""),"",INDEX('Rating Systems'!$I$18:$I$22, MATCH(1, ('Plant-n-Search'!H24 >= VALUE(LEFT('Rating Systems'!$H$18:$H$22,FIND("-",'Rating Systems'!$H$18:$H$22)-1))) * ('Plant-n-Search'!H24 <= VALUE(MID('Rating Systems'!$H$18:$H$22,FIND("-",'Rating Systems'!$H$18:$H$22)+1,99))), 0)))} -> Low Risk | N24: =IF(OR(L24="",M24=""),"",L24*M24) | O24: {=IF(OR(L24="",M24=""),"",INDEX('Rating Systems'!$I$18:$I$22, MATCH(1, ('Plant-n-Search'!N24 >= VALUE(LEFT('Rating Systems'!$H$18:$H$22,FIND("-",'Rating Systems'!$H$18:$H$22)-1))) * ('Plant-n-Search'!N24 <= VALUE(MID('Rating Systems'!$H$18:$H$22,FIND("-",'Rating Systems'!$H$18:$H$22)+1,99))), 0)))} | U24: =IF(OR(S24="",T24=""),"",S24*T24)
E25: GPS permission on but device GPS is off | F25: 1 | G25: 4 | H25: =IF(OR(F25="",G25=""),"",F25*G25) -> 4 | I25: {=IF(OR(F25="",G25=""),"",INDEX('Rating Systems'!$I$18:$I$22, MATCH(1, ('Plant-n-Search'!H25 >= VALUE(LEFT('Rating Systems'!$H$18:$H$22,FIND("-",'Rating Systems'!$H$18:$H$22)-1))) * ('Plant-n-Search'!H25 <= VALUE(MID('Rating Systems'!$H$18:$H$22,FIND("-",'Rating Systems'!$H$18:$H$22)+1,99))), 0)))} -> Medium Low Risk | K25: Have a small icon or some notification to alert the user that their GPS is off - thus impacting weather alerts, et all | L25: 2 | M25: 3 | N25: =IF(OR(L25="",M25=""),"",L25*M25) -> 6 | O25: {=IF(OR(L25="",M25=""),"",INDEX('Rating Systems'!$I$18:$I$22, MATCH(1, ('Plant-n-Search'!N25 >= VALUE(LEFT('Rating Systems'!$H$18:$H$22,FIND("-",'Rating Systems'!$H$18:$H$22)-1))) * ('Plant-n-Search'!N25 <= VALUE(MID('Rating Systems'!$H$18:$H$22,FIND("-",'Rating Systems'!$H$18:$H$22)+1,99))), 0)))} -> Medium Risk | P25: unknown - need to research | U25: =IF(OR(S25="",T25=""),"",S25*T25)
E26: improperly added grow zone | F26: 1 | G26: 1 | H26: =IF(OR(F26="",G26=""),"",F26*G26) -> 1 | I26: {=IF(OR(F26="",G26=""),"",INDEX('Rating Systems'!$I$18:$I$22, MATCH(1, ('Plant-n-Search'!H26 >= VALUE(LEFT('Rating Systems'!$H$18:$H$22,FIND("-",'Rating Systems'!$H$18:$H$22)-1))) * ('Plant-n-Search'!H26 <= VALUE(MID('Rating Systems'!$H$18:$H$22,FIND("-",'Rating Systems'!$H$18:$H$22)+1,99))), 0)))} -> Low Risk | N26: =IF(OR(L26="",M26=""),"",L26*M26) | O26: {=IF(OR(L26="",M26=""),"",INDEX('Rating Systems'!$I$18:$I$22, MATCH(1, ('Plant-n-Search'!N26 >= VALUE(LEFT('Rating Systems'!$H$18:$H$22,FIND("-",'Rating Systems'!$H$18:$H$22)-1))) * ('Plant-n-Search'!N26 <= VALUE(MID('Rating Systems'!$H$18:$H$22,FIND("-",'Rating Systems'!$H$18:$H$22)+1,99))), 0)))} | U26: =IF(OR(S26="",T26=""),"",S26*T26)
E27: native information not in database | F27: 1 | G27: 2 | H27: =IF(OR(F27="",G27=""),"",F27*G27) -> 2 | I27: {=IF(OR(F27="",G27=""),"",INDEX('Rating Systems'!$I$18:$I$22, MATCH(1, ('Plant-n-Search'!H27 >= VALUE(LEFT('Rating Systems'!$H$18:$H$22,FIND("-",'Rating Systems'!$H$18:$H$22)-1))) * ('Plant-n-Search'!H27 <= VALUE(MID('Rating Systems'!$H$18:$H$22,FIND("-",'Rating Systems'!$H$18:$H$22)+1,99))), 0)))} -> Low Risk | N27: =IF(OR(L27="",M27=""),"",L27*M27) | O27: {=IF(OR(L27="",M27=""),"",INDEX('Rating Systems'!$I$18:$I$22, MATCH(1, ('Plant-n-Search'!N27 >= VALUE(LEFT('Rating Systems'!$H$18:$H$22,FIND("-",'Rating Systems'!$H$18:$H$22)-1))) * ('Plant-n-Search'!N27 <= VALUE(MID('Rating Systems'!$H$18:$H$22,FIND("-",'Rating Systems'!$H$18:$H$22)+1,99))), 0)))} | U27: =IF(OR(S27="",T27=""),"",S27*T27)
A28: F.10 | C28: unable to locate by plant photo | D28: less functionality or ease of use for user | E28: no photo in DB | F28: 1 | G28: 2 | H28: =IF(OR(F28="",G28=""),"",F28*G28) -> 2 | I28: {=IF(OR(F28="",G28=""),"",INDEX('Rating Systems'!$I$18:$I$22, MATCH(1, ('Plant-n-Search'!H28 >= VALUE(LEFT('Rating Systems'!$H$18:$H$22,FIND("-",'Rating Systems'!$H$18:$H$22)-1))) * ('Plant-n-Search'!H28 <= VALUE(MID('Rating Systems'!$H$18:$H$22,FIND("-",'Rating Systems'!$H$18:$H$22)+1,99))), 0)))} -> Low Risk | N28: =IF(OR(L28="",M28=""),"",L28*M28) | O28: {=IF(OR(L28="",M28=""),"",INDEX('Rating Systems'!$I$18:$I$22, MATCH(1, ('Plant-n-Search'!N28 >= VALUE(LEFT('Rating Systems'!$H$18:$H$22,FIND("-",'Rating Systems'!$H$18:$H$22)-1))) * ('Plant-n-Search'!N28 <= VALUE(MID('Rating Systems'!$H$18:$H$22,FIND("-",'Rating Systems'!$H$18:$H$22)+1,99))), 0)))} | U28: =IF(OR(S28="",T28=""),"",S28*T28)
E29: AI not yet integrated to review images in DB | F29: 2 | G29: 3 | H29: =IF(OR(F29="",G29=""),"",F29*G29) -> 6 | I29: {=IF(OR(F29="",G29=""),"",INDEX('Rating Systems'!$I$18:$I$22, MATCH(1, ('Plant-n-Search'!H29 >= VALUE(LEFT('Rating Systems'!$H$18:$H$22,FIND("-",'Rating Systems'!$H$18:$H$22)-1))) * ('Plant-n-Search'!H29 <= VALUE(MID('Rating Systems'!$H$18:$H$22,FIND("-",'Rating Systems'!$H$18:$H$22)+1,99))), 0)))} -> Medium Risk | K29: Build function to "read" a photo and find it in the database. | L29: 2 | M29: 5 | N29: =IF(OR(L29="",M29=""),"",L29*M29) -> 10 | O29: {=IF(OR(L29="",M29=""),"",INDEX('Rating Systems'!$I$18:$I$22, MATCH(1, ('Plant-n-Search'!N29 >= VALUE(LEFT('Rating Systems'!$H$18:$H$22,FIND("-",'Rating Systems'!$H$18:$H$22)-1))) * ('Plant-n-Search'!N29 <= VALUE(MID('Rating Systems'!$H$18:$H$22,FIND("-",'Rating Systems'!$H$18:$H$22)+1,99))), 0)))} -> Medium High Risk | P29: less than 1 week
D31: Likelihood | K31: Likelihood | R31: Likelihood
D32: 5 | E32: =COUNTIFS(G$2:G$29, $D32, F$2:F$29, E$37) -> 0 | F32: =COUNTIFS(G$2:G$29, $D32, F$2:F$29, F$37) -> 0 | G32: =COUNTIFS(G$2:G$29, $D32, F$2:F$29, G$37) -> 0 | H32: =COUNTIFS(G$2:G$29, $D32, F$2:F$29, H$37) -> 0 | K32: 5 | L32: =COUNTIFS(M$2:M$29, $K32, L$2:L$29, L$37) -> 0 | M32: =COUNTIFS(M$2:M$29, $K32, L$2:L$29, M$37) -> 1 | N32: =COUNTIFS(M$2:M$29, $K32, L$2:L$29, N$37) -> 0 | O32: =COUNTIFS(M$2:M$29, $K32, L$2:L$29, O$37) -> 0 | R32: 5 | S32: =COUNTIFS(T$2:T$29, $R32, S$2:S$29, S$37) -> 0 | T32: =COUNTIFS(T$2:T$29, $R32, S$2:S$29, T$37) -> 0 | U32: =COUNTIFS(T$2:T$29, $R32, S$2:S$29, U$37) -> 0 | V32: =COUNTIFS(T$2:T$29, $R32, S$2:S$29, V$37) -> 0
D33: 4 | E33: =COUNTIFS(G$2:G$29, $D33, F$2:F$29, E$37) -> 1 | F33: =COUNTIFS(G$2:G$29, $D33, F$2:F$29, F$37) -> 0 | G33: =COUNTIFS(G$2:G$29, $D33, F$2:F$29, G$37) -> 0 | H33: =COUNTIFS(G$2:G$29, $D33, F$2:F$29, H$37) -> 0 | K33: 4 | L33: =COUNTIFS(M$2:M$29, $K33, L$2:L$29, L$37) -> 0 | M33: =COUNTIFS(M$2:M$29, $K33, L$2:L$29, M$37) -> 1 | N33: =COUNTIFS(M$2:M$29, $K33, L$2:L$29, N$37) -> 0 | O33: =COUNTIFS(M$2:M$29, $K33, L$2:L$29, O$37) -> 0 | R33: 4 | S33: =COUNTIFS(T$2:T$29, $R33, S$2:S$29, S$37) -> 0 | T33: =COUNTIFS(T$2:T$29, $R33, S$2:S$29, T$37) -> 0 | U33: =COUNTIFS(T$2:T$29, $R33, S$2:S$29, U$37) -> 0 | V33: =COUNTIFS(T$2:T$29, $R33, S$2:S$29, V$37) -> 0
D34: 3 | E34: =COUNTIFS(G$2:G$29, $D34, F$2:F$29, E$37) -> 1 | F34: =COUNTIFS(G$2:G$29, $D34, F$2:F$29, F$37) -> 1 | G34: =COUNTIFS(G$2:G$29, $D34, F$2:F$29, G$37) -> 1 | H34: =COUNTIFS(G$2:G$29, $D34, F$2:F$29, H$37) -> 0 | K34: 3 | L34: =COUNTIFS(M$2:M$29, $K34, L$2:L$29, L$37) -> 0 | M34: =COUNTIFS(M$2:M$29, $K34, L$2:L$29, M$37) -> 2 | N34: =COUNTIFS(M$2:M$29, $K34, L$2:L$29, N$37) -> 0 | O34: =COUNTIFS(M$2:M$29, $K34, L$2:L$29, O$37) -> 0 | R34: 3 | S34: =COUNTIFS(T$2:T$29, $R34, S$2:S$29, S$37) -> 0 | T34: =COUNTIFS(T$2:T$29, $R34, S$2:S$29, T$37) -> 0 | U34: =COUNTIFS(T$2:T$29, $R34, S$2:S$29, U$37) -> 0 | V34: =COUNTIFS(T$2:T$29, $R34, S$2:S$29, V$37) -> 0
D35: 2 | E35: =COUNTIFS(G$2:G$29, $D35, F$2:F$29, E$37) -> 12 | F35: =COUNTIFS(G$2:G$29, $D35, F$2:F$29, F$37) -> 2 | G35: =COUNTIFS(G$2:G$29, $D35, F$2:F$29, G$37) -> 0 | H35: =COUNTIFS(G$2:G$29, $D35, F$2:F$29, H$37) -> 0 | K35: 2 | L35: =COUNTIFS(M$2:M$29, $K35, L$2:L$29, L$37) -> 3 | M35: =COUNTIFS(M$2:M$29, $K35, L$2:L$29, M$37) -> 0 | N35: =COUNTIFS(M$2:M$29, $K35, L$2:L$29, N$37) -> 0 | O35: =COUNTIFS(M$2:M$29, $K35, L$2:L$29, O$37) -> 0 | R35: 2 | S35: =COUNTIFS(T$2:T$29, $R35, S$2:S$29, S$37) -> 0 | T35: =COUNTIFS(T$2:T$29, $R35, S$2:S$29, T$37) -> 0 | U35: =COUNTIFS(T$2:T$29, $R35, S$2:S$29, U$37) -> 1 | V35: =COUNTIFS(T$2:T$29, $R35, S$2:S$29, V$37) -> 0
D36: 1 | E36: =COUNTIFS(G$2:G$29, $D36, F$2:F$29, E$37) -> 5 | F36: =COUNTIFS(G$2:G$29, $D36, F$2:F$29, F$37) -> 5 | G36: =COUNTIFS(G$2:G$29, $D36, F$2:F$29, G$37) -> 0 | H36: =COUNTIFS(G$2:G$29, $D36, F$2:F$29, H$37) -> 0 | K36: 1 | L36: =COUNTIFS(M$2:M$29, $K36, L$2:L$29, L$37) -> 6 | M36: =COUNTIFS(M$2:M$29, $K36, L$2:L$29, M$37) -> 0 | N36: =COUNTIFS(M$2:M$29, $K36, L$2:L$29, N$37) -> 0 | O36: =COUNTIFS(M$2:M$29, $K36, L$2:L$29, O$37) -> 0 | R36: 1 | S36: =COUNTIFS(T$2:T$29, $R36, S$2:S$29, S$37) -> 0 | T36: =COUNTIFS(T$2:T$29, $R36, S$2:S$29, T$37) -> 0 | U36: =COUNTIFS(T$2:T$29, $R36, S$2:S$29, U$37) -> 3 | V36: =COUNTIFS(T$2:T$29, $R36, S$2:S$29, V$37) -> 0
E37: 1 | F37: 2 | G37: 3 | H37: 4 | I37: Severity | L37: 1 | M37: 2 | N37: 3 | O37: 4 | P37: Severity | S37: 1 | T37: 2 | U37: 3 | V37: 4 | W37: Severity
